John, Doe
Jane, Doe
Clarke, James
Tamms, Claire
Ford, Markus
Winnick, Stephan
Miatov, Larissa
Taylor, Ben
Pahwa, Amit
Ramirez, Barbara
John, Doe
Jane, Doe
Clarke, James
Tamms, Claire
Ford, Markus
Winnick, Stephan
Miatov, Larissa
Taylor, Ben
Pahwa, Amit
Ramirez, Barbara
John, Doe
Jane, Doe
Clarke, James
Tamms, Claire
Ford, Markus
Winnick, Stephan
Miatov, Larissa
Taylor, Ben
Pahwa, Amit
Ramirez, Barbara
John, Doe
Jane, Doe
Clarke, James
Tamms, Claire
Ford, Markus
Winnick, Stephan
Miatov, Larissa
Taylor, Ben
Pahwa, Amit
Ramirez, Barbara
John, Doe
Jane, Doe
Clarke, James
Tamms, Claire
Ford, Markus
Winnick, Stephan
Miatov, Larissa
Taylor, Ben
Pahwa, Amit
Ramirez, Barbara
John, Doe
Jane, Doe
Clarke, James
Tamms, Claire
Ford, Markus
Winnick, Stephan
Miatov, Larissa
Taylor, Ben
Pahwa, Amit
Ramirez, Barbara